1,Rempel Group,https://resizer.otstatic.com/v2/photos/large/24947294.jpg,2/12/77,6,3,0
1,Rempel Group,https://resizer.otstatic.com/v2/photos/large/25897756.jpg,2/12/77,6,3,0
2,"Wolf, Price and Swaniawski",https://resizer.otstatic.com/v2/photos/large/25897756.jpg,7/17/05,4,3,1
3,Hills Inc,https://resizer.otstatic.com/v2/photos/large/25897755.jpg,12/4/78,8,9,0
4,"Towne, Robel and Lueilwitz",https://resizer.otstatic.com/v2/photos/large/25897754.jpg,4/14/78,6,0,0
6,Labadie Group,https://resizer.otstatic.com/v2/photos/large/25897753.jpg,10/15/96,2,0,1
5,Beer-Franecki,https://resizer.otstatic.com/v2/photos/large/25730977.jpg,10/14/09,0,0,0
7,Will Inc,https://resizer.otstatic.com/v2/photos/large/25623948.jpg,5/10/96,0,0,0
8,"Quigley, Lockman and Cremin",https://resizer.otstatic.com/v2/photos/large/25623945.jpg,2/8/02,0,5,0
9,Koepp-Emmerich,https://images.otstatic.com/prod/26364976/1/large.jpg,5/6/82,0,0,0
10,"Feeney, Heathcote and Turcotte",https://images.otstatic.com/prod/26301868/1/large.jpg,10/18/18,0,4,0
11,Auer Ltd,https://resizer.otstatic.com/v2/photos/large/25897755.jpg,11/16/72,8,1,0
12,Lebsack-Ruecker,http://lorempixel.com/640/480/,5/6/06,7,0,0
13,Becker-Turcotte,http://lorempixel.com/640/480/,5/4/04,5,0,0
14,Bogan-Grimes,http://lorempixel.com/640/480/,9/6/79,3,0,0
15,"Bednar, Nolan and Fritsch",http://lorempixel.com/640/480/,4/11/87,0,0,0
16,"Monahan, Lind and Mosciski",http://lorempixel.com/640/480/,10/23/02,6,0,0
17,Olson-Franecki,http://lorempixel.com/640/480/,3/3/99,0,5,0
18,Smith-Welch,http://lorempixel.com/640/480/,1/12/83,0,9,0
19,Koch Inc,http://lorempixel.com/640/480/,12/3/93,0,0,0
20,"Mayert, Kulas and Langworth",http://lorempixel.com/640/480/,3/18/87,0,7,0
21,Terry Group,http://lorempixel.com/640/480/,12/7/10,0,0,0
22,Auer-McClure,http://lorempixel.com/640/480/,5/3/88,1,9,0
23,Lang Ltd,http://lorempixel.com/640/480/,5/23/74,3,4,0
24,"Jakubowski, Zieme and Lind",http://lorempixel.com/640/480/,2/20/19,0,0,0
25,"Murazik, Kulas and Bradtke",http://lorempixel.com/640/480/,3/3/98,2,3,0
26,Crooks Inc,http://lorempixel.com/640/480/,7/8/90,0,0,0
27,Stokes-Wolff,http://lorempixel.com/640/480/,1/11/16,1,0,0
28,"Douglas, Pagac and Mayer",http://lorempixel.com/640/480/,6/5/89,3,6,0
29,Kunze Group,http://lorempixel.com/640/480/,4/10/92,0,5,0
30,Effertz Ltd,http://lorempixel.com/640/480/,8/1/70,0,6,0
31,Russel-Beahan,http://lorempixel.com/640/480/,1/29/89,2,0,0
32,Kub PLC,http://lorempixel.com/640/480/,3/29/75,8,2,0
33,"Becker, Friesen and Ledner",http://lorempixel.com/640/480/,2/26/13,0,2,0
34,Rogahn-Murazik,http://lorempixel.com/640/480/,12/31/95,9,0,0
35,Ebert-Morissette,http://lorempixel.com/640/480/,5/21/01,0,0,0
36,"Gerlach, McCullough and Hammes",http://lorempixel.com/640/480/,2/18/98,0,8,0
37,"Stokes, Stoltenberg and Deckow",http://lorempixel.com/640/480/,6/19/17,0,0,0
38,"Sporer, Von and Torp",http://lorempixel.com/640/480/,1/14/89,2,8,0
39,"Osinski, Hand and Abbott",http://lorempixel.com/640/480/,3/21/81,0,0,0
40,"McKenzie, Shields and Spinka",http://lorempixel.com/640/480/,4/13/05,7,0,0
41,Dach Ltd,http://lorempixel.com/640/480/,3/2/10,0,5,1
42,Stracke-Mohr,http://lorempixel.com/640/480/,2/25/90,5,5,0
43,Douglas Inc,http://lorempixel.com/640/480/,3/15/13,0,0,0
44,Schiller-Hammes,http://lorempixel.com/640/480/,1/18/03,0,0,0
45,"Gaylord, OHara and Klocko",http://lorempixel.com/640/480/,11/27/06,0,9,1
46,Hartmann and Sons,http://lorempixel.com/640/480/,6/22/93,6,1,1
47,"Hickle, Flatley and Dare",http://lorempixel.com/640/480/,7/2/86,2,9,0
48,Kautzer Ltd,http://lorempixel.com/640/480/,9/9/86,1,0,0
49,Yost Group,http://lorempixel.com/640/480/,6/19/03,0,7,0
50,Morissette-Hintz,http://lorempixel.com/640/480/,8/19/11,3,6,1
51,Bednar-Rolfson,http://lorempixel.com/640/480/,8/28/80,4,5,0
52,Brekke-Fritsch,http://lorempixel.com/640/480/,8/7/10,2,0,0
53,Sipes PLC,http://lorempixel.com/640/480/,3/22/06,0,0,0
54,Kertzmann-Kling,http://lorempixel.com/640/480/,4/24/85,0,0,0
55,Fritsch-Franecki,http://lorempixel.com/640/480/,10/28/77,0,0,0
56,"Smitham, Renner and Frami",http://lorempixel.com/640/480/,9/30/72,7,2,0
57,Cartwright Group,http://lorempixel.com/640/480/,12/8/93,0,8,0
58,"Brown, Marks and Koelpin",http://lorempixel.com/640/480/,5/12/91,0,0,0
59,Klein Inc,http://lorempixel.com/640/480/,4/9/97,0,0,0
60,Hammes PLC,http://lorempixel.com/640/480/,11/7/87,0,2,0
61,Ritchie PLC,http://lorempixel.com/640/480/,7/25/08,0,0,0
62,"Christiansen, Keebler and Sipes",http://lorempixel.com/640/480/,4/13/85,6,0,1
63,"Klocko, Zulauf and Bayer",http://lorempixel.com/640/480/,2/13/88,0,2,0
64,"Streich, Hudson and Ledner",http://lorempixel.com/640/480/,2/23/82,5,5,0
65,Lebsack and Sons,http://lorempixel.com/640/480/,2/17/92,1,0,0
66,"Rolfson, Emmerich and Gislason",http://lorempixel.com/640/480/,8/19/13,3,0,0
67,Weimann-Cronin,http://lorempixel.com/640/480/,11/7/90,0,0,1
68,Luettgen and Sons,http://lorempixel.com/640/480/,6/17/98,1,3,0
69,Legros-Daugherty,http://lorempixel.com/640/480/,3/4/15,9,6,0
70,Bruen-Pagac,http://lorempixel.com/640/480/,3/6/89,0,6,0
71,Braun-Sanford,http://lorempixel.com/640/480/,11/27/83,8,0,0
72,"Nikolaus, Mann and Jakubowski",http://lorempixel.com/640/480/,10/5/74,0,3,0
73,"Heidenreich, Gislason and Orn",http://lorempixel.com/640/480/,9/15/98,0,0,0
74,Hodkiewicz-Bashirian,http://lorempixel.com/640/480/,10/4/08,0,5,0
75,Koch LLC,http://lorempixel.com/640/480/,8/3/74,0,0,0
76,Kunze Group,http://lorempixel.com/640/480/,7/10/79,6,3,0
77,Effertz-Gleichner,http://lorempixel.com/640/480/,3/9/02,8,0,0
78,"Prosacco, Thiel and Bailey",http://lorempixel.com/640/480/,2/23/01,0,6,0
79,"Jacobs, Thompson and Bashirian",http://lorempixel.com/640/480/,8/19/97,4,0,0
80,Hermiston and Sons,http://lorempixel.com/640/480/,6/20/89,0,3,0
81,"Dicki, Huels and Baumbach",http://lorempixel.com/640/480/,5/1/78,0,3,0
82,"Reynolds, Quitzon and Reilly",http://lorempixel.com/640/480/,12/16/80,0,6,0
83,Champlin Ltd,http://lorempixel.com/640/480/,1/8/93,0,0,0
84,"Botsford, Beatty and Walter",http://lorempixel.com/640/480/,5/25/85,7,4,0
85,Lehner PLC,http://lorempixel.com/640/480/,8/25/13,0,0,0
86,Blick Group,http://lorempixel.com/640/480/,9/4/17,7,8,0
87,"Reichert, Jaskolski and Nitzsche",http://lorempixel.com/640/480/,12/5/90,0,0,0
88,Murazik-Osinski,http://lorempixel.com/640/480/,12/2/02,0,3,0
89,Zemlak Group,http://lorempixel.com/640/480/,4/24/01,0,7,0
90,Waters-Keebler,http://lorempixel.com/640/480/,4/13/72,4,0,0
91,"Satterfield, Cronin and Fadel",http://lorempixel.com/640/480/,2/4/88,0,4,0
92,Berge-Hahn,http://lorempixel.com/640/480/,1/2/79,1,0,0
93,Boyer-Zemlak,http://lorempixel.com/640/480/,12/31/86,6,9,0
94,"Aufderhar, Jones and Bode",http://lorempixel.com/640/480/,3/22/76,0,0,0
95,Lubowitz PLC,http://lorempixel.com/640/480/,5/9/06,0,7,0
96,"Walter, Nader and Mitchell",http://lorempixel.com/640/480/,3/2/11,7,6,0
97,Rohan-Wilderman,http://lorempixel.com/640/480/,7/1/12,0,9,0
98,"Zboncak, Auer and Orn",http://lorempixel.com/640/480/,4/2/79,0,0,0
99,Johnson-Walker,http://lorempixel.com/640/480/,10/29/80,0,0,0
100,Bechtelar and Sons,http://lorempixel.com/640/480/,1/5/16,0,6,0